CRIM,ZN,INDUS,NOX,RM,AGE,TAX,PTRATIO,LSTAT
-1.9805816852990816,1.2375651015558407,-1.7619761227934627,-0.05135885519261909,0.5913712577963474,0.14687178809018,-0.625612912196026,-1.5576638765143587,-1.4397267646702254
-1.3042087617737614,-0.5795722061196629,-0.28869629651758105,-0.7285399497923357,0.3601118834970459,0.4573429355665069,-1.1368860803769345,-0.29271979114785945,-0.3649760678915445
-1.3045473336236586,-0.5795722061196629,-0.28869629651758105,-0.7285399497923357,1.4570647352723847,0.041145221454750754,-1.1368860803769345,-0.29271979114785945,-1.8143547064477532
-1.2256528114676393,-0.5795722061196629,-1.8382636965955088,-0.8456347143622355,1.1997488069747564,-0.4280535137274476,-1.3558425947109662,0.1195382414241625,-2.3725116795379653
-0.8755281004972627,-0.5795722061196629,-1.8382636965955088,-0.8456347143622355,1.40532242520761,-0.1539245763546482,-1.3558425947109662,0.1195382414241625,-1.319511268518759
-1.2631088328696443,-0.5795722061196629,-1.8382636965955088,-0.8456347143622355,0.37377889802814707,-0.02408720485208046,-1.3558425947109662,0.1195382414241625,-1.3598148424316887
-0.761933356193673,1.0083189487461268,-0.14751070145126052,-0.18144553219068454,-0.2820907868469378,0.18145616528418199,-0.5001348873488235,-1.6124705141196183,0.17919095466156218
-0.5340937717554542,1.0083189487461268,-0.14751070145126052,-0.18144553219068454,-0.025805863710211516,0.7783730149793803,-0.5001348873488235,-1.6124705141196183,0.9441332686775263
-0.3587679657671679,1.0083189487461268,-0.14751070145126052,-0.18144553219068454,-0.9209176465266813,0.8431312912776564,-0.5001348873488235,-1.6124705141196183,1.7345072331103681
-0.45903671589158085,1.0083189487461268,-0.14751070145126052,-0.18144553219068454,-0.29508344855543617,0.5957165289281501,-0.5001348873488235,-1.6124705141196183,0.7437351579560997
-0.32982973131979526,1.0083189487461268,-0.14751070145126052,-0.18144553219068454,0.2930184092596948,0.7475929523704209,-0.5001348873488235,-1.6124705141196183,1.0603820502311645
-0.6299634319642715,1.0083189487461268,-0.14751070145126052,-0.18144553219068454,-0.28696100781222145,0.5378475867712156,-0.5001348873488235,-1.6124705141196183,0.29493137202621067
-0.7340542336432642,1.0083189487461268,-0.14751070145126052,-0.18144553219068454,-0.4837904252948439,-0.6896895336769786,-0.5001348873488235,-1.6124705141196183,0.5936793690244783
0.14605935781395474,-0.5795722061196629,-0.10308349533232346,-0.05135885519261909,-0.3848794161132438,0.05968915458750188,-0.5329938811317305,1.0890551086544804,-0.544155548114857
0.15203810296147238,-0.5795722061196629,-0.10308349533232346,-0.05135885519261909,-0.14670226685822232,0.5689668103986562,-0.5329938811317305,1.0890551086544804,-0.1603864237353914
0.1443168479915761,-0.5795722061196629,-0.10308349533232346,-0.05135885519261909,-0.575348175049782,-0.0862705391645886,-0.5329938811317305,1.0890551086544804,-0.4997200224348672
0.38404032838646207,-0.5795722061196629,-0.10308349533232346,-0.05135885519261909,-0.40786913139652725,-1.1552196170082303,-0.5329938811317305,1.0890551086544804,-0.9466178644545308
0.24742066470161497,-0.5795722061196629,-0.10308349533232346,-0.05135885519261909,-0.31786231916731417,0.514111446014414,-0.5329938811317305,1.0890551086544804,0.47245233941097997
0.2582023659264616,-0.5795722061196629,-0.10308349533232346,-0.05135885519261909,-1.2289725112543801,-0.7930814070871428,-0.5329938811317305,1.0890551086544804,0.07055467341109944
0.2116550204278696,-0.5795722061196629,-0.10308349533232346,-0.05135885519261909,-0.7559693973021545,0.2508397304460775,-0.5329938811317305,1.0890551086544804,0.0073639761115881636
0.46355263469147545,-0.5795722061196629,-0.10308349533232346,-0.05135885519261909,-1.0271961255838198,0.8119040627227879,-0.5329938811317305,1.0890551086544804,1.1090398346108707
0.2857650116231141,-0.5795722061196629,-0.10308349533232346,-0.05135885519261909,-0.35867161119835705,0.6570828685458415,-0.5329938811317305,1.0890551086544804,0.36808986005760147
0.45636423353753003,-0.5795722061196629,-0.10308349533232346,-0.05135885519261909,-0.07334934335638855,0.7020795091796296,-0.5329938811317305,1.0890551086544804,0.9039379039728915
0.3543871370656001,-0.5795722061196629,-0.10308349533232346,-0.05135885519261909,-0.610534482180737,0.8431312912776564,-0.5329938811317305,1.0890551086544804,1.0103486853716555
0.2269731476771898,-0.5795722061196629,-0.10308349533232346,-0.05135885519261909,-0.4259705553441219,0.7441367412798332,-0.5329938811317305,1.0890551086544804,0.6589322488605166
0.2794848793277447,-0.5795722061196629,-0.10308349533232346,-0.05135885519261909,-0.9765259181466822,0.5919219472282357,-0.5329938811317305,1.0890551086544804,0.6815892878869134
0.1760000627290513,-0.5795722061196629,-0.10308349533232346,-0.05135885519261909,-0.610534482180737,0.6770347873136435,-0.5329938811317305,1.0890551086544804,0.48926312384427234
0.3388586346954165,-0.5795722061196629,-0.10308349533232346,-0.05135885519261909,-0.22545043167518014,0.6497665649397428,-0.5329938811317305,1.0890551086544804,0.7622685434362336
0.2407666312022351,-0.5795722061196629,-0.10308349533232346,-0.05135885519261909,0.47192079891671734,0.7493183100435052,-0.5329938811317305,1.0890551086544804,0.2311067806438158
0.36089627662498913,-0.5795722061196629,-0.10308349533232346,-0.05135885519261909,0.73719497911106,0.6220337849787566,-0.5329938811317305,1.0890551086544804,0.11392629194032479
0.4165794966466275,-0.5795722061196629,-0.10308349533232346,-0.05135885519261909,-0.7798513716402173,0.7441367412798332,-0.5329938811317305,1.0890551086544804,1.2373158990055437
0.5000718934795472,-0.5795722061196629,-0.10308349533232346,-0.05135885519261909,-0.18519339172850888,0.8431312912776564,-0.5329938811317305,1.0890551086544804,0.2639855367690316
0.5112845285508457,-0.5795722061196629,-0.10308349533232346,-0.05135885519261909,-0.3832393644241366,0.5200780066787025,-0.5329938811317305,1.0890551086544804,1.598102939053406
0.4250471517794277,-0.5795722061196629,-0.10308349533232346,-0.05135885519261909,-0.8003682619778724,0.7596322293112191,-0.5329938811317305,1.0890551086544804,0.8686051313726408
0.5806660553985935,-0.5795722061196629,-0.10308349533232346,-0.05135885519261909,-0.14670226685822232,0.791868427501353,-0.5329938811317305,1.0890551086544804,1.050835989556007
-0.9094014568540822,-0.5795722061196629,-0.513636887987326,-0.4226331423009957,-0.4111578026448389,0.22010189265596158,-0.7757487400737949,0.34007827373971933,-0.26337985411070197
-0.7163607117192217,-0.5795722061196629,-0.513636887987326,-0.4226331423009957,-0.5636475462370657,0.049118501780806664,-0.7757487400737949,0.34007827373971933,0.02764536844486711
-0.8066934441699203,-0.5795722061196629,-0.513636887987326,-0.4226331423009957,-0.5486244678246067,-0.5885467721779599,-0.7757487400737949,0.34007827373971933,-0.4381155854539148
-0.44561681401374564,-0.5795722061196629,-0.513636887987326,-0.4226331423009957,-0.3570359582733333,-1.1059692276856226,-0.7757487400737949,0.34007827373971933,-0.18295562393782436
-1.2988250759406963,2.134773692507196,-1.439879150633414,-1.179874181387364,0.6210067779243479,-1.6365456470353856,-1.0341059742178238,-0.061181929771788976,-1.6913645402476873
-1.2085549344180941,2.134773692507196,-1.439879150633414,-1.179874181387364,1.2359340823683445,-2.1605585975201747,-1.0341059742178238,-0.061181929771788976,-3.0721844447421383
-0.5923154074956686,-0.5795722061196629,-0.3188448977410304,-0.954551190302142,0.8765485527100912,-4.920293469232485,-1.233086631060544,-0.24589623851192693,-1.4901963959526625
-0.5439494795791316,-0.5795722061196629,-0.3188448977410304,-0.954551190302142,-0.03054980068140356,-3.5815961097635776,-1.233086631060544,-0.24589623851192693,-1.1668920633943847
-0.4890154563036612,-0.5795722061196629,-0.3188448977410304,-0.954551190302142,0.03565634589773566,-3.6064496430907127,-1.233086631060544,-0.24589623851192693,-0.7292075251424507
-0.6098701116394795,-0.5795722061196629,-0.3188448977410304,-0.954551190302142,-0.19001547608727481,-0.6484753117601335,-1.233086631060544,-0.24589623851192693,-0.28731052322747097
-0.45530116128792963,-0.5795722061196629,-0.3188448977410304,-0.954551190302142,-0.8329418251332824,-0.9226397926391331,-1.233086631060544,-0.24589623851192693,-0.16903286076990248
-0.4117488602515328,-0.5795722061196629,-0.3188448977410304,-0.954551190302142,-0.6559612669699841,-0.94690067107225,-1.233086631060544,-0.24589623851192693,0.4085759058637607
-0.3209153302733985,-0.5795722061196629,-0.3188448977410304,-0.954551190302142,-0.2529203988991309,0.588118499675172,-1.233086631060544,-0.24589623851192693,0.9114855578030793
-0.27381203225945805,-0.5795722061196629,-0.3188448977410304,-0.954551190302142,-1.3314472969853506,0.7647647868331616,-1.233086631060544,-0.24589623851192693,1.7857960205296943
-0.3404729887262937,-0.5795722061196629,-0.3188448977410304,-0.954551190302142,-0.9712991592494287,0.0649488516096237,-1.233086631060544,-0.24589623851192693,0.6480403859277111
-0.7596359133880571,1.3344775317829962,-0.5863206812056216,-1.054675131320447,-0.3619437398344453,-0.43161171145485283,-1.1264187590583379,-0.7759747404053935,0.3187779891473901
-1.0904571877526241,1.3344775317829962,-0.5863206812056216,-1.054675131320447,-0.1163374462634591,0.09099540427353041,-1.1264187590583379,-0.7759747404053935,-0.30969129108553356
-0.9925824302402118,1.3344775317829962,-0.5863206812056216,-1.054675131320447,0.4959281614846203,-1.689674482210451,-1.1264187590583379,-0.7759747404053935,-1.3361930333001715
-1.0264734559523576,1.3344775317829962,-0.5863206812056216,-1.054675131320447,-0.3048393108926077,-1.6666923384409444,-1.1264187590583379,-0.7759747404053935,-0.5080983677416983
-1.6264123377387398,2.134773692507196,-1.038848767494767,-1.3918563997440856,-0.4854474665659362,-0.36530110460115833,0.5426327358098082,1.128760562357398,0.4880676343418835
-1.6433707189323459,2.2493967689120535,-2.6027825199917873,-1.476817938265598,1.5435942201809627,-1.629095406057798,-1.3105142147624174,-0.24589623851192693,-1.5012011286549094
-1.4356406797301953,2.213462053610335,-3.2612542584740085,-1.3918563997440856,0.3021947304702173,-0.8336115042567199,-0.48386353789547554,-0.5308550529625783,-1.1791195534147532
-1.6025712066501276,2.315635488286035,-2.4990234159338414,-1.3798375972300663,0.9426233562202423,-0.6282530043508717,-0.9941315760533237,-1.6676389143273813,-1.8498430560833077
-0.5034786309671547,1.4440911285927627,-0.711149482211051,-0.8997924040773307,-0.06858455730840265,-1.1607850064022371,-0.7306619095209403,0.5549482637189488,-0.8728604364201634
-0.6894603409351129,1.4440911285927627,-0.711149482211051,-0.8997924040773307,-0.4210304721225558,-0.3790385263129274,-0.7306619095209403,0.5549482637189488,-0.34955181218435216
-0.5190895060872531,1.4440911285927627,-0.711149482211051,-0.8997924040773307,-0.7321457326908669,0.17164966085574515,-0.7306619095209403,0.5549482637189488,0.2788532404993823
-0.45451997810547157,1.4440911285927627,-0.711149482211051,-0.8997924040773307,-0.3570359582733333,0.731981886211571,-0.7306619095209403,0.5549482637189488,0.44448321789300255
-0.6591949527610167,1.4440911285927627,-0.711149482211051,-0.8997924040773307,0.4131541920383409,0.21052613085492378,-0.7306619095209403,0.5549482637189488,-0.9067231144021383
-0.5957368732386079,1.4440911285927627,-0.711149482211051,-0.8997924040773307,0.8650114688931885,-0.5156733057584538,-0.7306619095209403,0.5549482637189488,-0.2966014744363242
-1.4596419078662322,1.2198544553781392,-2.440477799486844,-1.3189930307643145,1.3464390856709985,-0.0020513379198010585,-1.4253900088132998,0.07472321563135402,-0.5897354611524321
-1.1785908558117386,2.175348180623094,-1.2645685549756878,-1.5384131951248128,0.15898276367220016,-1.9665346123650442,-0.2963329820719176,-1.1316872438053476,-1.553481110867928
-1.086003201170447,2.175348180623094,-1.2645685549756878,-1.5384131951248128,-0.6542750166415202,-1.0581652271969226,-0.2963329820719176,-1.1316872438053476,-0.16383993144766848
-0.9569988756257565,1.0083189487461268,-0.48955034043613666,-1.4039045522323292,-0.502033374862363,-1.6666923384409444,-0.23678017844073118,0.20845378517059962,-0.5787761559142487
-0.5638371662032965,1.0083189487461268,-0.48955034043613666,-1.4039045522323292,-0.9852434095702552,-0.7842101327497718,-0.23678017844073118,0.20845378517059962,0.2707590702600435
-0.5897117355135642,1.0083189487461268,-0.48955034043613666,-1.4039045522323292,-0.4904202794662541,-0.9616326703693565,-0.23678017844073118,0.20845378517059962,-0.4340838704053549
-0.7620904167064639,-0.5795722061196629,0.27054185718733587,-1.3558874725664234,0.3540315047357895,-3.5815961097635776,-0.549584278902503,0.34007827373971933,-0.9093549693718398
-0.4907587648756858,-0.5795722061196629,0.27054185718733587,-1.3558874725664234,-0.3652169661319531,-1.994204538803285,-0.549584278902503,0.34007827373971933,-0.22718386584068104
-0.7447224043124059,-0.5795722061196629,0.27054185718733587,-1.3558874725664234,-0.19644863109292796,-3.309652973071199,-0.549584278902503,0.34007827373971933,-1.2575168745197582
-0.3948144919918856,-0.5795722061196629,0.27054185718733587,-1.3558874725664234,0.08892471439352695,-3.6833714241410296,-0.549584278902503,0.34007827373971933,-0.7055767049444448
-0.8135488515090715,-0.5795722061196629,0.4961733097780148,-1.0772035539898739,0.13257547420802193,-3.7367491508099158,0.1259652714569571,0.1195382414241625,-0.8936222245279074
-0.727497408542124,-0.5795722061196629,0.4961733097780148,-1.0772035539898739,0.15277571034496112,-0.456739274714824,0.1259652714569571,0.1195382414241625,-0.40413523469366675
-0.6973582282780209,-0.5795722061196629,0.4961733097780148,-1.0772035539898739,0.14190385685099938,0.36393205629254544,0.1259652714569571,0.1195382414241625,0.1124482775404502
-0.7683639307068227,-0.5795722061196629,0.4961733097780148,-1.0772035539898739,-0.07652716051568659,-0.4280535137274476,0.1259652714569571,0.1195382414241625,-0.15866219355421987
-0.9685582940215159,-0.5795722061196629,0.4961733097780148,-1.0772035539898739,0.06859172033736527,-0.16901156860875297,0.1259652714569571,0.1195382414241625,0.166329130383831
-0.7856688864012904,-0.5795722061196629,0.4961733097780148,-1.0772035539898739,-0.50867564026616,-0.7930814070871428,0.1259652714569571,0.1195382414241625,-0.37273889674369753
-1.1149651128104836,1.4440911285927627,-0.7823592299415371,-1.202982963644825,0.8143757169528528,-0.937152888579201,-0.7576177928237557,0.2525593349402555,-1.3328440783918354
-1.077325535069387,1.4440911285927627,-0.7823592299415371,-1.202982963644825,0.6564509973183632,0.2717847989612797,-0.7576177928237557,0.2525593349402555,-0.7823333239489576
-1.1690195371633703,1.4440911285927627,-0.7823592299415371,-1.202982963644825,0.1775802677164875,-1.0015825234364921,-0.7576177928237557,0.2525593349402555,-0.9093549693718398
-1.182865859888713,1.4440911285927627,-0.7823592299415371,-1.202982963644825,-0.033713707162229906,-0.3963749501448609,-0.7576177928237557,0.2525593349402555,-0.7126328822942525
-1.0192924861301835,-0.5795722061196629,-0.8866515564787819,-0.9435507041570488,0.3113624300184517,-0.35167864174061975,-1.0849758495293367,0.029666598235981837,-0.2743845868129488
-0.9613300649002164,-0.5795722061196629,-0.8866515564787819,-0.9435507041570488,0.6726533351819223,-0.09783630584230377,-1.0849758495293367,0.029666598235981837,-0.9601184801879887
-1.0076557980663232,-0.5795722061196629,-0.8866515564787819,-0.9435507041570488,-0.27722299552553975,-0.4531257886313915,-1.0849758495293367,0.029666598235981837,0.23938390628696113
-0.8593498639905708,-0.5795722061196629,-0.8866515564787819,-0.9435507041570488,-0.10676815406002392,-0.0776498227486247,-1.0849758495293367,0.029666598235981837,-0.5060000602748369
-0.9674137493427413,-0.5795722061196629,-1.2490278495249434,-0.5225093463265391,1.2122896708949331,0.6032792594278246,-0.8589798629091142,-0.29271979114785945,-1.263941281359157
-0.9976105669062598,-0.5795722061196629,-1.2490278495249434,-0.5225093463265391,1.3120405183475898,0.0935772839775949,-0.8589798629091142,-0.29271979114785945,-1.2007230561278148
-1.054885653272904,-0.5795722061196629,-1.2490278495249434,-0.5225093463265391,0.3540315047357895,0.1691887763173062,-0.8589798629091142,-0.29271979114785945,-0.4300613183534383
-1.1357639614128783,-0.5795722061196629,-1.2490278495249434,-0.5225093463265391,0.3357676014129746,0.3507685763803676,-0.8589798629091142,-0.29271979114785945,-0.5570590473639263
-1.104961463479231,1.5153393275618345,0.7054898101177829,-0.7814205845642116,0.39197185699917064,-0.17204581890412637,-0.8589798629091142,-0.10697920756781541,-0.5657139406052613
-1.280461233287128,1.5153393275618345,0.7054898101177829,-0.7814205845642116,0.03565634589773566,-1.1775962554188928,-0.8589798629091142,-0.10697920756781541,-1.0490500718778104
-1.0950621323152103,1.5153393275618345,0.7054898101177829,-0.7814205845642116,0.0951725055475195,0.42399222108701407,-0.8589798629091142,-0.10697920756781541,-0.1043554323716632
-0.6123250502800358,-0.5795722061196629,-1.466942969455451,-0.9877005825947233,0.6652919711953681,-0.049239419062460744,-0.803190324344919,-0.1993335426755535,-0.9278883548519736
-0.6396238056096859,-0.5795722061196629,-1.466942969455451,-0.9877005825947233,-0.04004459951822352,0.25318031289411297,-0.803190324344919,-0.1993335426755535,0.016753505512062325
-0.6169300389376136,-0.5795722061196629,-1.466942969455451,-0.9877005825947233,2.589265423821428,0.39638246262986176,-0.803190324344919,-0.1993335426755535,-1.7370157076237656
-0.7968230553014115,-0.5795722061196629,-1.466942969455451,-0.9877005825947233,2.2834169360443517,-0.7797925593137771,-0.803190324344919,-0.1993335426755535,-2.0288706507713865
-0.8785498003211886,-0.5795722061196629,-1.466942969455451,-0.9877005825947233,1.7658336822200473,0.07802422160258174,-0.803190324344919,-0.1993335426755535,-1.0547595030900372
-0.5211367566726888,-0.5795722061196629,-0.036822218237613454,-0.21925197000118185,0.8143757169528528,0.47784540824308624,0.035069356216580756,1.0491601293948958,-0.31156919273756023
-0.6425253533269304,-0.5795722061196629,-0.036822218237613454,-0.21925197000118185,0.8923898022252799,0.29246379730134203,0.035069356216580756,1.0491601293948958,-0.6753208888540406
-0.3219445068782941,-0.5795722061196629,-0.036822218237613454,-0.21925197000118185,0.3357676014129746,0.5862134382381304,0.035069356216580756,1.0491601293948958,-0.0976827679518989
-0.3579591884287089,-0.5795722061196629,-0.036822218237613454,-0.21925197000118185,-0.08129582763090429,0.6238974083215801,0.035069356216580756,1.0491601293948958,0.31746157247012075
-0.5501970742141722,-0.5795722061196629,-0.036822218237613454,-0.21925197000118185,-0.033713707162229906,0.6716175616416079,0.035069356216580756,1.0491601293948958,0.1648942522014767
-0.573902298654418,-0.5795722061196629,-0.036822218237613454,-0.21925197000118185,-0.5469566637864661,0.7885050485937927,0.035069356216580756,1.0491601293948958,0.677295963426366
-0.4558946650877675,-0.5795722061196629,-0.036822218237613454,-0.21925197000118185,-0.5720037062933447,0.7056260788006734,0.035069356216580756,1.0491601293948958,0.8982559660562157
-0.5789830451058954,-0.5795722061196629,-0.036822218237613454,-0.21925197000118185,-0.0972082373893154,0.5823966139522464,0.035069356216580756,1.0491601293948958,0.40105497893366027
-0.5902168575688581,-0.5795722061196629,-0.036822218237613454,-0.21925197000118185,0.4403212281533336,0.795224871602123,0.035069356216580756,1.0491601293948958,0.15626046853967332
-0.2563777353513751,-0.5795722061196629,-0.036822218237613454,-0.21925197000118185,0.06389346769798207,0.6931791326493756,0.035069356216580756,1.0491601293948958,0.5755610059057455
-0.669107636147653,-0.5795722061196629,-0.036822218237613454,-0.21925197000118185,0.010487897311362173,-0.14792871391443882,0.035069356216580756,1.0491601293948958,0.258547983671952
-0.7005097341166722,-0.5795722061196629,0.16927705248383612,0.030492688359880882,0.7969542199848878,0.5121177227864315,0.3340406059715449,-0.29271979114785945,-0.1777217448916982
-0.6076155309206636,-0.5795722061196629,0.16927705248383612,0.030492688359880882,-0.4441056222380648,0.7232439435346157,0.3340406059715449,-0.29271979114785945,0.6491325933927916
-0.33555744847132674,-0.5795722061196629,0.16927705248383612,0.030492688359880882,-0.15310691920590827,0.7664720495089608,0.3340406059715449,-0.29271979114785945,0.742699813006426
-0.5413114966645433,-0.5795722061196629,0.16927705248383612,0.030492688359880882,0.10297662297655558,0.5631770894923832,0.3340406059715449,-0.29271979114785945,-0.1279098769383453
-0.4555168926744772,-0.5795722061196629,0.16927705248383612,0.030492688359880882,-0.41938433335840164,0.6387300832618849,0.3340406059715449,-0.29271979114785945,0.5993035305443022
-0.5775407472477748,-0.5795722061196629,0.16927705248383612,0.030492688359880882,-0.019484200060920404,0.3196334095559565,0.3340406059715449,-0.29271979114785945,0.12276855250090551
-0.5139800972656969,-0.5795722061196629,0.16927705248383612,0.030492688359880882,-0.2674946921260959,0.531945919356785,0.3340406059715449,-0.29271979114785945,-0.15349955846654603
-0.5810664780679677,-0.5795722061196629,0.16927705248383612,0.030492688359880882,-0.511998469346925,0.3330500361514715,0.3340406059715449,-0.29271979114785945,0.5549536589221545
-0.5334228538232901,-0.5795722061196629,0.16927705248383612,0.030492688359880882,-0.7491566984732065,0.14687178809018,0.3340406059715449,-0.29271979114785945,0.339708576198821
-0.8759298541195844,-0.5795722061196629,1.4085760194825176,0.32800540528772465,-0.5153224303742577,0.2555175348493226,-1.7778015865781611,0.29643335844816043,0.4358823991721142
-0.8584459648812246,-0.5795722061196629,1.4085760194825176,0.32800540528772465,-0.29508344855543617,0.5612425975093326,-1.7778015865781611,0.29643335844816043,0.423522557456579
-0.7379638670467641,-0.5795722061196629,1.4085760194825176,0.32800540528772465,-0.3652169661319531,0.7232439435346157,-1.7778015865781611,0.29643335844816043,0.8276238463584955
-0.5158203594043728,-0.5795722061196629,1.4085760194825176,0.32800540528772465,-0.5386219169728828,0.7935475146148037,-1.7778015865781611,0.29643335844816043,1.444738191649047
-0.7114072821505327,-0.5795722061196629,1.4085760194825176,0.32800540528772465,-0.5003735147747715,0.7732832511284715,-1.7778015865781611,0.29643335844816043,0.7927326714366056
-0.4618173151222129,-0.5795722061196629,1.4085760194825176,0.32800540528772465,-0.32438034713272124,0.6424172305056357,-1.7778015865781611,0.29643335844816043,0.48926312384427234
-0.07855048738077242,-0.5795722061196629,1.4085760194825176,0.32800540528772465,-0.9521582948831343,0.7698812126652587,-1.7778015865781611,0.29643335844816043,1.5691241231201265
-0.2642987926552472,-0.5795722061196629,1.1998040966598198,0.6802708104638068,-0.8140701950721798,0.7766781946158114,0.3632506155701476,1.1682782827175633,0.7530261091649528
-0.1590484681995344,-0.5795722061196629,1.1998040966598198,0.6802708104638068,0.3752962742074556,0.8234786403685783,0.3632506155701476,1.1682782827175633,0.557255248506563
0.3013431270736941,-0.5795722061196629,1.1998040966598198,0.6802708104638068,-0.9105262850532259,0.7544834380536963,0.3632506155701476,1.1682782827175633,0.8676403332342799
-0.13872554181839214,-0.5795722061196629,1.1998040966598198,0.6802708104638068,0.41617648956951053,0.8251254536725697,0.3632506155701476,1.1682782827175633,0.20323341496159816
0.4412983854711515,-0.5795722061196629,1.1998040966598198,0.6802708104638068,0.21466927341645614,0.8052528795694269,0.3632506155701476,1.1682782827175633,0.15481740108020026
0.11595879188249415,-0.5795722061196629,1.1998040966598198,0.6802708104638068,0.28536487721667564,0.808581868075514,0.3632506155701476,1.1682782827175633,-0.01792105592604196
-0.15285580496989412,-0.5795722061196629,1.1998040966598198,0.6802708104638068,-0.5954390967011586,0.7664720495089608,0.3632506155701476,1.1682782827175633,0.5153616443772123
0.34861900172038685,-0.5795722061196629,1.1998040966598198,0.6802708104638068,-0.7049897228122252,0.8168746766982149,0.3632506155701476,1.1682782827175633,0.7653386606691613
0.08996621553450644,-0.5795722061196629,1.1998040966598198,0.6802708104638068,0.22854138498801313,0.8135626210039719,0.3632506155701476,1.1682782827175633,0.7291849233555836
-0.16302769270554365,-0.5795722061196629,1.1998040966598198,0.6802708104638068,-0.39636750296877726,0.7337238604946144,0.3632506155701476,1.1682782827175633,0.7229123043590794
-0.12234407757003773,-0.5795722061196629,1.1998040966598198,0.6802708104638068,0.4101309580865388,0.8168746766982149,0.3632506155701476,1.1682782827175633,0.4627739987341449
-0.2812811834842163,-0.5795722061196629,1.1998040966598198,0.6802708104638068,-0.5369558216044746,0.8135626210039719,0.3632506155701476,1.1682782827175633,1.1341218151651615
0.07884689779907787,-0.5795722061196629,1.1998040966598198,0.6802708104638068,-0.05906195977181705,0.808581868075514,0.3632506155701476,1.1682782827175633,0.8791833446324727
-0.21088688805928882,-0.5795722061196629,1.1998040966598198,0.6802708104638068,-0.02264451992704953,0.7354639726989672,0.3632506155701476,1.1682782827175633,1.355455488251819
0.5851771583101287,-0.5795722061196629,1.1998040966598198,0.6802708104638068,-2.043578403094617,0.8431312912776564,0.3632506155701476,1.1682782827175633,1.9813864122395373
0.9144759212379572,-0.5795722061196629,1.0529239420608645,2.3256236924790397,-1.3242208663633424,0.8431312912776564,0.15765509407994638,-1.8920277545505062,1.5403229793902473
1.01156064069446,-0.5795722061196629,1.0529239420608645,2.3256236924790397,-1.2075353276011487,0.8431312912776564,0.15765509407994638,-1.8920277545505062,1.513727104940649
0.8322484309247087,-0.5795722061196629,1.0529239420608645,2.3256236924790397,-2.2717421047297774,0.8069182247910511,0.15765509407994638,-1.8920277545505062,1.6962500810310892
0.7603681865017203,-0.5795722061196629,1.0529239420608645,2.3256236924790397,-0.09243178914118519,0.8431312912776564,0.15765509407994638,-1.8920277545505062,1.6038421980074027
0.7146110237458668,-0.5795722061196629,1.0529239420608645,2.3256236924790397,-0.9261174801170323,0.8431312912776564,0.15765509407994638,-1.8920277545505062,0.6965344369838311
0.7582812850273709,-0.5795722061196629,1.0529239420608645,2.3256236924790397,-2.226076701910897,0.7715831206218081,0.15765509407994638,-1.8920277545505062,1.7106935924616231
0.7508802040721673,-0.5795722061196629,1.0529239420608645,2.3256236924790397,-1.724196552050147,0.7389386267655846,0.15765509407994638,-1.8920277545505062,1.6366428342932224
0.8245755149521679,-0.5795722061196629,1.0529239420608645,2.3256236924790397,-0.9800119801706773,0.7579177743742687,0.15765509407994638,-1.8920277545505062,1.1448812534118853
0.5930438843361516,-0.5795722061196629,1.0529239420608645,2.3256236924790397,-0.10517418403256772,0.7985744094344319,0.15765509407994638,-1.8920277545505062,0.4023106882030724
0.546016114607474,-0.5795722061196629,1.0529239420608645,2.3256236924790397,-1.3224150946359012,0.8431312912776564,0.15765509407994638,-1.8920277545505062,0.2962646467717407
0.41484749718409847,-0.5795722061196629,1.0529239420608645,2.3256236924790397,-2.0571966711829126,0.6350345656426369,0.15765509407994638,-1.8920277545505062,0.1344899340225509
0.7133504844919671,-0.5795722061196629,1.0529239420608645,2.3256236924790397,-0.7866855428188321,0.8185281809664998,0.15765509407994638,-1.8920277545505062,0.6026694690693584
0.5198157456906725,-0.5795722061196629,1.0529239420608645,2.3256236924790397,-0.09402367877704851,0.7766781946158114,0.15765509407994638,-1.8920277545505062,0.5259283751120684
0.9433303512817005,-0.5795722061196629,1.0529239420608645,2.3256236924790397,-0.057475763311950534,0.531945919356785,0.15765509407994638,-1.8920277545505062,0.5141836595477072
0.7732662840431734,-0.5795722061196629,1.0529239420608645,2.3256236924790397,-1.563714080974378,0.7424058800724661,0.15765509407994638,-1.8920277545505062,0.6414729492978595
0.4530185879912022,-0.5795722061196629,1.0529239420608645,0.527710886919009,1.122757974623042,0.8002465973700323,0.15765509407994638,-1.8920277545505062,-1.5840636798052736
0.4960012636642092,-0.5795722061196629,1.0529239420608645,0.527710886919009,-0.1948399446658457,0.8431312912776564,0.15765509407994638,-1.8920277545505062,-0.9874326355549989
0.52345257889059,-0.5795722061196629,1.0529239420608645,2.3256236924790397,0.49442943058521865,0.8431312912776564,0.15765509407994638,-1.8920277545505062,-0.741142311706575
0.47148456091891416,-0.5795722061196629,1.0529239420608645,0.527710886919009,0.09673382845690516,0.7179785756702414,0.15765509407994638,-1.8920277545505062,-1.263941281359157
0.7329653133906603,-0.5795722061196629,1.0529239420608645,0.527710886919009,-0.5419549614122514,0.7038537598317418,0.15765509407994638,-1.8920277545505062,0.06296819741091901
0.8556310046554574,-0.5795722061196629,1.0529239420608645,0.527710886919009,-0.13870235864476557,0.7249952883104948,0.15765509407994638,-1.8920277545505062,-0.239768433827651
0.6314832101067948,-0.5795722061196629,1.0529239420608645,0.527710886919009,-0.503693517359158,0.46352083600658855,0.15765509407994638,-1.8920277545505062,0.13740819048086245
0.7447751725182223,-0.5795722061196629,1.0529239420608645,0.527710886919009,0.20386620192785287,0.7783730149793803,0.15765509407994638,-1.8920277545505062,-0.021107235258122522
0.773804303952005,-0.5795722061196629,1.0529239420608645,0.527710886919009,0.33119627900498977,0.7630557317552736,0.15765509407994638,-1.8920277545505062,0.013629193772275625
0.4468742334303935,-0.5795722061196629,1.0529239420608645,0.527710886919009,-0.5070146499648671,0.7527635490271879,0.15765509407994638,-1.8920277545505062,0.4432570854290048
0.747479396468262,-0.5795722061196629,1.0529239420608645,0.527710886919009,-0.498713937000319,0.7985744094344319,0.15765509407994638,-1.8920277545505062,0.12129790668218782
-0.551722434392357,-0.5795722061196629,-1.022487569443694,-0.31505529073098354,-1.023693168266939,0.6442576770693003,-0.625612912196026,-0.8760715330244045,0.4748636778507107
-0.7440169077451145,-0.5795722061196629,-1.022487569443694,-0.31505529073098354,0.3525108178315396,0.5612425975093326,-0.625612912196026,-0.8760715330244045,-0.38444735492790094
-0.7823744643165719,-0.5795722061196629,-1.022487569443694,-0.31505529073098354,-0.5336244840844486,0.23199292297342422,-0.625612912196026,-0.8760715330244045,-0.27070873473158474
-0.8919464065590037,-0.5795722061196629,-1.022487569443694,-0.31505529073098354,0.5482392406782226,-0.9567071755006861,-0.625612912196026,-0.8760715330244045,-1.319511268518759
-0.8677629124489096,-0.5795722061196629,-1.022487569443694,-0.31505529073098354,-0.26911540261921196,-0.3790385263129274,-0.625612912196026,-0.8760715330244045,-0.18645349492016025
-0.9870117024215446,-0.5795722061196629,-1.022487569443694,-0.31505529073098354,0.1976876438607947,0.33971710954786244,-0.625612912196026,-0.8760715330244045,-1.0263947591491471
-0.8934746376521153,-0.5795722061196629,-1.022487569443694,-0.31505529073098354,1.0054093947426177,0.36174552162913753,-0.625612912196026,-0.8760715330244045,-0.8574473740734418
-0.957717927545374,-0.5795722061196629,-1.6791148709852537,-0.5326090755282775,1.1746186206665494,-0.032428170045805164,-1.7111751415239813,-0.29271979114785945,-1.4185298389718461
-0.8972473161900673,-0.5795722061196629,-1.6791148709852537,-0.5326090755282775,2.214547633449646,0.5456833410685533,-1.7111751415239813,-0.29271979114785945,-0.7008881667298921
-0.8766673107348795,-0.5795722061196629,-1.6791148709852537,-0.5326090755282775,-0.07017256081119569,0.07019160915950867,-1.7111751415239813,-0.29271979114785945,-0.3059414546384079
-0.747808985427083,-0.5795722061196629,-1.6791148709852537,-0.5326090755282775,1.4162383681739488,0.710931487555924,-1.7111751415239813,-0.29271979114785945,-1.497525276573545
-0.704006012202975,-0.5795722061196629,-1.6791148709852537,-0.5326090755282775,0.5735466448297108,0.7698812126652587,-1.7111751415239813,-0.29271979114785945,-1.2069442299881001
-0.7900426709244409,-0.5795722061196629,-1.6791148709852537,-0.5326090755282775,-0.96781620811433,0.6679960366503656,-1.7111751415239813,-0.29271979114785945,0.3871830564448254
-0.9368478561615255,-0.5795722061196629,-1.6791148709852537,-0.5326090755282775,-0.05588982466540814,0.2343607412994927,-1.7111751415239813,-0.29271979114785945,0.2788532404993823
-0.8147796127010238,1.8136245890654175,-1.237491488123858,-1.0772035539898739,0.8938286413492272,-0.6043132374312059,0.1259652714569571,-1.6124705141196183,-0.9199217001066962
-0.5983380683703549,1.8136245890654175,-1.237491488123858,-1.0772035539898739,0.5631338970605766,-1.1663694880785465,0.1259652714569571,-1.6124705141196183,-1.5956697682192995
-0.7866065914941871,1.8136245890654175,-1.237491488123858,-1.0772035539898739,1.4570647352723847,-0.6938689321528329,0.1259652714569571,-1.6124705141196183,-1.2996985003484955
-0.7495893265650566,1.8136245890654175,-1.237491488123858,-1.0772035539898739,1.1339944664378474,-1.6591031647320131,0.1259652714569571,-1.6124705141196183,-1.397583770355737
-0.8751266958213854,1.8136245890654175,-1.237491488123858,-1.0772035539898739,0.83176616415483,-1.0739444280818724,0.1259652714569571,-1.6124705141196183,-1.5459173295232547
-0.7706519411185381,1.8136245890654175,-1.237491488123858,-1.0772035539898739,1.4475538506497545,-1.331060337490796,0.1259652714569571,-1.6124705141196183,-2.415162469621536
-1.406869546068696,1.9944863848442558,-1.4488387736609387,-1.5013638396025442,0.9196915301508441,-2.9215496730627066,-0.9064265120473894,-1.3953678588978493,-1.42204507774602
-1.6003175944651244,1.9944863848442558,-1.4488387736609387,-1.5013638396025442,0.6343134528425253,-1.8775575593217544,-0.9064265120473894,-1.3953678588978493,-1.6669514340077767
-1.126570684885691,2.175348180623094,-2.3132145070195325,-1.4645906309114611,1.5946103690124862,-0.9082549437004703,-0.35731661971278067,-3.18041640588054,-1.7925304824472212
-1.0566650586754078,2.175348180623094,-2.3132145070195325,-1.4645906309114611,1.3505587764653069,-0.7930814070871428,-0.35731661971278067,-3.18041640588054,-0.4707042555376222
-1.155453352264689,2.175348180623094,-2.3132145070195325,-1.4645906309114611,1.577187476186366,-0.7191731952134867,-0.35731661971278067,-3.18041640588054,-0.9358910307660339
-1.2382438824646336,2.2833880936003617,-2.3572674265352043,-1.476817938265598,1.1676265118031202,-2.2129063495819925,0.15134870121433205,-0.6770625530304778,-1.5956697682192995
-1.502553938428022,2.2833880936003617,-2.3572674265352043,-1.476817938265598,1.3889255791677864,-2.369123708948143,0.15134870121433205,-0.6770625530304778,-1.6388886604232977
-1.1968714939604685,2.1946939027882992,-1.9321556620103049,-1.3320530494392415,-0.04162796463348379,-0.7149284084219778,-0.21480322883724653,-1.8920277545505062,-0.731588052926999
-1.4089875633158928,2.1946939027882992,-1.9321556620103049,-1.3320530494392415,2.0178046347387326,-2.170894345334961,-0.21480322883724653,-1.8920277545505062,-2.2730187898696594
-0.5608463299972314,-0.5795722061196629,0.24346117498508169,-0.5225093463265391,-0.48047718672264567,-1.5996308041670224,-0.7940101269144398,0.07472321563135402,-0.05816658573234451
-0.3200694906052472,-0.5795722061196629,0.24346117498508169,-0.5225093463265391,0.21466927341645614,-0.20580126574598268,-0.7940101269144398,0.07472321563135402,-0.0419583942492523
-0.27724716072393,-0.5795722061196629,0.24346117498508169,-0.5225093463265391,-0.6610217671273447,0.3241179160068272,-0.7940101269144398,0.07472321563135402,0.84041022474286
-0.5627133331970019,-0.5795722061196629,0.24346117498508169,-0.5225093463265391,-0.19805758278284172,-0.013031985370418317,-0.7940101269144398,0.07472321563135402,0.4712454371200979
-0.024179303123151863,-0.5795722061196629,0.24346117498508169,-0.5225093463265391,-1.4313572851381064,0.8431312912776564,-0.7940101269144398,0.07472321563135402,1.2752802281979836
-0.4471771074881495,-0.5795722061196629,0.24346117498508169,-0.5225093463265391,-0.36685399113392786,0.7091649384816777,-0.7940101269144398,0.07472321563135402,0.7612439864519089
-0.09256511574214012,-0.5795722061196629,0.24346117498508169,-0.5225093463265391,-1.3224150946359012,0.6460960452061402,-0.7940101269144398,0.07472321563135402,1.3422196149618248
-0.3459305239091366,-0.5795722061196629,0.24346117498508169,-0.5225093463265391,-0.6206110622515266,-0.16598296343346794,-0.7940101269144398,0.07472321563135402,0.6293689894419325
-0.5471613749506569,-0.5795722061196629,0.24346117498508169,-0.5225093463265391,0.2899577167937648,-0.9965348455559494,-0.7940101269144398,0.07472321563135402,-0.31910078768129463
-0.21303661455924236,-0.5795722061196629,0.24346117498508169,-0.5225093463265391,-1.3079809388951713,-2.93807646285272,-0.7940101269144398,0.07472321563135402,1.711891914877741
-0.38863531980340116,-0.5795722061196629,0.24346117498508169,-0.5225093463265391,-0.010009377337433576,-0.5536208238927808,-0.7940101269144398,0.07472321563135402,-0.3021995459698091
-1.0672850704823937,-0.5795722061196629,0.600725415740593,0.05747752860530371,-0.4854474665659362,-0.10074063277177842,-0.803190324344919,-0.977381649632735,0.3266559938793259
-0.8683556243206695,-0.5795722061196629,0.600725415740593,0.05747752860530371,0.690297982849741,0.5804848406119487,-0.803190324344919,-0.977381649632735,-0.26155236593492576
-0.6574380423099672,-0.5795722061196629,0.600725415740593,0.05747752860530371,-0.3815995883508082,0.7389386267655846,-0.803190324344919,-0.977381649632735,0.8266364420701268
-0.6428084223195556,-0.5795722061196629,0.600725415740593,0.05747752860530371,0.28689606395993056,0.7144588449754291,-0.803190324344919,-0.977381649632735,-0.11946154518887123
-0.11484979101600126,-0.5795722061196629,-0.4616409447134943,-0.3441628441390354,1.1339944664378474,0.6442576770693003,-0.5329938811317305,-0.48268211103978365,-0.25790304064002256
-0.05487568820724824,-0.5795722061196629,-0.4616409447134943,-0.3441628441390354,-0.038461491296794256,0.6949631052248106,-0.5329938811317305,-0.48268211103978365,1.1457061996589315
0.14148693128152917,-0.5795722061196629,-0.4616409447134943,-0.3441628441390354,1.032397149413641,0.43239417425302257,-0.5329938811317305,-0.48268211103978365,-0.21824935852408026
0.13487325759044758,-0.5795722061196629,-0.4616409447134943,-0.3441628441390354,0.6549767225552093,0.4960794175648752,-0.5329938811317305,-0.48268211103978365,-0.6915481865278092
-0.0848087654168783,-0.5795722061196629,-0.4616409447134943,-0.37344314368222625,2.55413382741878,0.607047489842319,-0.5329938811317305,-0.48268211103978365,-2.2616730962687215
-0.049612201472013145,-0.5795722061196629,-0.4616409447134943,-0.37344314368222625,1.4271421128497546,0.47784540824308624,-0.5329938811317305,-0.48268211103978365,-1.0068064880863834
-0.017785387268440558,-0.5795722061196629,-0.4616409447134943,-0.37344314368222625,0.5571787626057398,-1.6666923384409444,-0.5329938811317305,-0.48268211103978365,-1.9370942379723264
0.07241996500344007,-0.5795722061196629,-0.4616409447134943,-0.37344314368222625,-0.33253400976258984,0.2177132277927943,-0.5329938811317305,-0.48268211103978365,0.06448809629435602
0.0038564931262028822,-0.5795722061196629,-0.4616409447134943,-0.37344314368222625,1.7605693241202027,0.4155466778262697,-0.5329938811317305,-0.48268211103978365,-1.3462780870308313
0.10425112375813538,-0.5795722061196629,-0.4616409447134943,-0.3441628441390354,2.9080804050276043,0.33749778430682065,-0.5329938811317305,-0.48268211103978365,-2.6808169495246017
-0.011416814552700704,-0.5795722061196629,-0.4616409447134943,-0.3441628441390354,0.8129251129954687,0.17901007194314153,-0.5329938811317305,-0.48268211103978365,-0.5897354611524321
-0.15197387806831142,-0.5795722061196629,-0.4616409447134943,-0.3441628441390354,-0.16272178695848008,0.05176760702314172,-0.5329938811317305,-0.48268211103978365,-0.05653907100525441
0.05806810141505768,-0.5795722061196629,-0.4616409447134943,-0.3441628441390354,0.6741249417756753,0.407057089812228,-0.5329938811317305,-0.48268211103978365,-0.28916481584442927
0.05023417074935653,-0.5795722061196629,-0.4616409447134943,-0.3441628441390354,1.689221094903818,0.2992988310468079,-0.5329938811317305,-0.48268211103978365,-1.5308860532693864
-0.7936165934578776,1.55871420499762,-0.7635245544374566,-1.179874181387364,0.45086579305596186,-1.9037437777926343,-0.5915409667598929,-0.8760715330244045,-1.0068064880863834
-0.7403056408092601,1.55871420499762,-0.7635245544374566,-1.179874181387364,0.6372680289442437,-0.5613176458540191,-0.5915409667598929,-0.8760715330244045,-0.7459388516096264
-0.646708107339701,1.55871420499762,-0.7635245544374566,-1.179874181387364,1.057895824642452,-0.15092388460699765,-0.5915409667598929,-0.8760715330244045,0.022985632165840656
-0.6769236832557455,1.55871420499762,-0.7635245544374566,-1.179874181387364,-0.14830303587196256,0.14437313094241727,-0.5915409667598929,-0.8760715330244045,0.17491405654903958
-0.6911638758030431,1.55871420499762,-0.7635245544374566,-1.179874181387364,0.26390299503396236,-0.19344542037669618,-0.5915409667598929,-0.8760715330244045,-0.002075631015797339
-0.591844213603024,1.55871420499762,-0.7635245544374566,-1.179874181387364,0.31746944789978415,-3.309652973071199,-0.5915409667598929,-0.8760715330244045,-1.3666222436734483
-0.3701971730857768,1.3637240312109251,-0.5359226905311563,-1.14541269558105,-0.9869878428459068,0.407057089812228,-0.3496130574334626,0.29643335844816043,0.18913037507630887
-0.4045186717174739,1.3637240312109251,-0.5359226905311563,-1.14541269558105,-0.9660751986527794,0.26715357304340637,-0.3496130574334626,0.29643335844816043,0.8791833446324727
-0.1390382236686206,1.3637240312109251,-0.5359226905311563,-1.14541269558105,-0.12751349469294085,-0.8705054304088979,-0.3496130574334626,0.29643335844816043,-0.3611073840758627
-0.3920318646740713,1.3637240312109251,-0.5359226905311563,-1.14541269558105,0.059192951749331264,0.46352083600658855,-0.3496130574334626,0.29643335844816043,-0.17946465211377774
-0.4746537305204874,1.3637240312109251,-0.5359226905311563,-1.14541269558105,0.3783303188529757,-0.31479421535245933,-0.3496130574334626,0.29643335844816043,-0.29287923932941967
-0.40597022676443567,1.3637240312109251,-0.5359226905311563,-1.14541269558105,0.8013125112066246,-1.994204538803285,-0.3496130574334626,0.29643335844816043,-0.952005759455411
-0.5478854910590343,1.3637240312109251,-0.5359226905311563,-1.14541269558105,0.45989493080824856,-2.478092806734281,-0.3496130574334626,0.29643335844816043,-1.139685209541168
-0.35257442760469004,1.3637240312109251,-0.5359226905311563,-1.14541269558105,0.3859113055612394,-3.094891448721476,-0.3496130574334626,0.29643335844816043,-2.0189827918647283
-0.7949077528463998,1.3637240312109251,-0.5359226905311563,-1.14541269558105,1.1424133517758122,-3.532999222983734,-0.3496130574334626,0.29643335844816043,-2.048813646455578
-0.10105474589883058,1.3637240312109251,-0.5359226905311563,-1.14541269558105,2.816360758230248,-3.189014471821561,-0.3496130574334626,0.29643335844816043,-2.0438067912326585
-1.0417541111519713,2.175348180623094,-1.1630615443982835,-1.613357157545591,-0.12751349469294085,-1.0117250784414908,-0.46769582831363815,-0.977381649632735,-0.9493097617658227
-1.183256464691038,2.175348180623094,-1.1630615443982835,-1.613357157545591,-0.5053539423612713,-1.85178591585586,-0.46769582831363815,-0.977381649632735,-0.3438021954085919
-1.569568664660972,2.2493967689120535,-1.1238498402543853,-1.5882491339315012,1.815703935372614,-0.9034881033626172,-1.1159944248066886,-1.2361633827575798,-2.2730187898696594
0.17018598796928266,1.303803820929822,-1.048763942347061,0.8588512300687333,1.6560119977689796,0.8431312912776564,-0.9160232033376482,-2.9192082008891114,-0.6478441847850751
0.16538296206461606,1.303803820929822,-1.048763942347061,0.8588512300687333,0.9797730093888622,0.8431312912776564,-0.9160232033376482,-2.9192082008891114,-0.8625701624282737
0.07508875875424992,1.303803820929822,-1.048763942347061,0.8588512300687333,1.481478811815885,0.5161027304366161,-0.9160232033376482,-2.9192082008891114,-0.2799127187646362
0.06993472188543949,1.303803820929822,-1.048763942347061,0.8588512300687333,1.9017194750404558,0.6607287263120593,-0.9160232033376482,-2.9192082008891114,-0.7725547237107084
0.271006240190772,1.303803820929822,-1.048763942347061,0.8588512300687333,1.6480249679903767,0.7510418409744015,-0.9160232033376482,-2.9192082008891114,0.0026504656267722438
0.08353350658960677,1.303803820929822,-1.048763942347061,0.8588512300687333,1.4855418922416044,0.7003033226289851,-0.9160232033376482,-2.9192082008891114,-0.5787761559142487
0.23391831409656524,1.303803820929822,-1.048763942347061,0.8588512300687333,-1.044729800564887,0.0858193273779019,-0.9160232033376482,-2.9192082008891114,-0.1279098769383453
0.24830381145314784,1.303803820929822,-1.048763942347061,0.8588512300687333,1.2220325448959968,0.5708921504364192,-0.9160232033376482,-2.9192082008891114,0.486871336803271
0.0754223457542908,1.303803820929822,-1.048763942347061,0.2767899004795422,1.8366259214134242,-0.2027035011343642,-0.9160232033376482,-2.9192082008891114,-2.2447897681747926
-0.7497422468403523,1.303803820929822,-0.3093491139549579,-0.7814205845642116,-0.43256122597724955,0.05176760702314172,-1.3444343875402653,0.07472321563135402,0.34490277549825693
-0.1979471430863605,1.303803820929822,-0.3093491139549579,-0.7814205845642116,-0.5386219169728828,-0.5651797468640495,-1.3444343875402653,0.07472321563135402,0.258547983671952
-0.481108373046532,1.303803820929822,-0.3093491139549579,-0.7814205845642116,0.08110934553247258,-2.109841884622683,-1.3444343875402653,0.07472321563135402,-0.9439300550678356
-0.6413948079855514,1.303803820929822,-0.3093491139549579,-0.7814205845642116,0.5363071236286046,-0.02408720485208046,-1.3444343875402653,0.07472321563135402,-0.6615292179709549
-0.3360570707410032,1.303803820929822,-0.3093491139549579,-0.7814205845642116,2.121113421187163,-0.2276522624478478,-1.3444343875402653,0.07472321563135402,-0.9466178644545308
-0.9687220320407451,1.7395760007764582,-0.41776972038693905,-0.9655762585596154,0.8592378074813121,-0.9665731136520433,-1.0140400845622546,-0.3871612737969025,-2.048813646455578
-0.7230489696131253,1.7395760007764582,-0.41776972038693905,-0.9655762585596154,0.9968714147595775,-0.5383355020845125,-1.0140400845622546,-0.3871612737969025,-2.3485934487775815
-0.6831936460623125,1.7395760007764582,-0.41776972038693905,-0.9655762585596154,1.5677930166875924,-0.3181130234584994,-1.0140400845622546,-0.3871612737969025,-1.0952496838611783
-0.9307738333986549,1.7395760007764582,-0.41776972038693905,-0.9655762585596154,0.9569284276893102,-1.2525205324053326,-1.0140400845622546,-0.3871612737969025,-1.758161982352977
-0.8087741655385617,1.7395760007764582,-0.41776972038693905,-0.9655762585596154,0.4523712296864853,-1.0066459017400735,-1.0140400845622546,-0.3871612737969025,-0.789702892435152
-0.3606533128950418,1.303803820929822,-1.280294825471905,-1.0110383974442714,0.9368954502727368,-1.0015825234364921,-1.4253900088132998,-1.7790803291406578,-1.4865433045815113
-1.1632457180381688,1.303803820929822,-1.280294825471905,-1.0110383974442714,1.1578291341586917,-0.7666113147272944,-1.4253900088132998,-1.7790803291406578,-1.5840636798052736
-1.8141382038348755,2.2493967689120535,-1.4309800660615208,-1.513682737368755,1.3244379771357795,-1.7129857370592063,-0.7217398552639521,-1.5576638765143587,-0.6342641528880304
-1.726152520207849,1.9397835187205017,-1.796637583882011,-1.6512604117689709,0.40861898977153255,-1.016820152435494,-0.5915409667598929,-1.5576638765143587,-0.5505955387529169
-1.4563374465140588,2.175348180623094,-2.1201290077402195,-1.7022553462984986,0.06545980328227016,-1.0373614320829014,-1.1473967447645583,-0.10697920756781541,0.24899188256588242
-1.142989838159837,1.910537019292573,-0.663251130749371,-1.4523935517892768,0.03251383781859866,-1.047730096514219,-0.6514704039436242,-0.8760715330244045,-0.8020541089294261
-1.0642545641843029,1.910537019292573,-0.663251130749371,-1.4523935517892768,0.1976876438607947,-0.43517770370705633,-0.6514704039436242,-0.8760715330244045,-0.6915481865278092
-1.0947393639018301,1.910537019292573,-0.663251130749371,-1.4523935517892768,0.5765196757793966,-1.5564103500838788,-0.6514704039436242,-0.8760715330244045,-0.29473937837714315
-1.1892874511306268,2.175348180623094,-0.758192322433895,-1.3798375972300663,1.006831665352433,-1.234921714382856,-1.1056127259880641,0.34007827373971933,-2.152045358791573
-0.81413451950589,2.175348180623094,-0.758192322433895,-1.3798375972300663,1.4066875861054462,-1.2466330944792585,-1.1056127259880641,0.34007827373971933,-2.033835372514782
-1.1746106486325327,2.175348180623094,-0.758192322433895,-1.3798375972300663,0.6726533351819223,-1.5212497000138967,-1.1056127259880641,0.34007827373971933,-1.5421475258808417
-0.7924408509080224,-0.5795722061196629,0.6035669691748244,-1.0772035539898739,-0.0972082373893154,-1.9125669691062037,-0.6863619749494949,-1.1837620682515466,-0.4768820005215595
-0.796146159458045,-0.5795722061196629,0.6035669691748244,-1.0772035539898739,-0.28696100781222145,-0.5574646859200135,-0.6863619749494949,-1.1837620682515466,-0.1363987284195323
-0.585547542021193,-0.5795722061196629,0.6035669691748244,-1.0772035539898739,0.7430412869560453,-1.0581652271969226,-0.6863619749494949,-1.1837620682515466,-1.032031458629836
-0.9915489213016139,-0.5795722061196629,0.6035669691748244,-1.0772035539898739,0.552710025407699,-0.2529893468886424,-0.6863619749494949,-1.1837620682515466,-0.741142311706575
-0.54548709300747,-0.5795722061196629,0.6035669691748244,-1.0772035539898739,-0.6492180134179998,-0.04361635712540083,-0.6863619749494949,-1.1837620682515466,0.6082651807837423
-0.9058858958252942,2.0913988150714116,-1.8025042283521782,-1.513682737368755,0.24393174701371365,-1.7687130549161192,-0.1428912856186651,-1.835363250823892,-1.4432843983122652
-0.9755688321504199,2.0913988150714116,-1.8025042283521782,-1.513682737368755,1.2595213370145952,-2.905188984472997,-0.1428912856186651,-1.835363250823892,-1.5271480959328383
-1.0820100610328283,2.0913988150714116,-1.8025042283521782,-1.513682737368755,1.0210429808581385,-0.3721553244628714,-0.1428912856186651,-1.835363250823892,-1.089408351361098
-1.1846915134372757,1.6374025661007583,-0.4852179039443618,-1.1225713770422394,0.6136063319864582,-0.6322774187915567,-0.35731661971278067,-1.1316872438053476,-0.2966014744363242
-0.7396068494716578,1.6374025661007583,-0.4852179039443618,-1.1225713770422394,0.47192079891671734,-1.9125669691062037,-0.35731661971278067,-1.1316872438053476,-0.45841308016284715
-0.7043755848371756,1.6374025661007583,-0.4852179039443618,-1.1225713770422394,1.177414061883598,-1.9757057623249201,-0.35731661971278067,-1.1316872438053476,-1.4828977376057393
-0.979407591221067,1.6186344152787226,-1.8382636965955088,-0.6970815053229745,1.526079912749115,-0.6043132374312059,-1.3558425947109662,-0.015634229660234887,-0.8548915293823827
-0.9824342383785672,1.6186344152787226,-1.8382636965955088,-0.6970815053229745,0.6520275046088089,-0.0408120931896048,-1.3558425947109662,-0.015634229660234887,-0.40611612146003
-0.8371431908635437,1.6186344152787226,-1.8382636965955088,-0.6970815053229745,1.7710952016257124,0.3061052861705203,-1.3558425947109662,-0.015634229660234887,-0.9764563390370755
-1.0310423173674566,1.6186344152787226,-1.8382636965955088,-0.6970815053229745,0.9897507200690633,0.2694708329537931,-1.3558425947109662,-0.015634229660234887,-0.7079256397829011
0.03289246413004633,-0.5795722061196629,0.1547237606958877,0.0033594431140903823,0.6800091497039594,0.529973932668432,-0.5579203186531974,-0.015634229660234887,-1.6034496582886455
-0.12620342231428253,-0.5795722061196629,0.1547237606958877,0.0033594431140903823,-0.3472277944372115,0.4113074181071458,-0.5579203186531974,-0.015634229660234887,-0.21113408405302467
0.8076194714314915,-0.5795722061196629,0.1547237606958877,0.0033594431140903823,-2.1334197954133436,-0.7405647620633877,-0.5579203186531974,-0.015634229660234887,0.20884331550912819
0.2510659734736933,-0.5795722061196629,0.1547237606958877,0.0033594431140903823,-0.10517418403256772,-0.19652560069428185,-0.5579203186531974,-0.015634229660234887,-1.1158475139831
-0.2597911829700039,-0.5795722061196629,0.1547237606958877,0.0033594431140903823,-0.26425407851232513,0.6788365305104861,-0.5579203186531974,-0.015634229660234887,0.07509099919465194
-0.2464061821717931,-0.5795722061196629,0.1547237606958877,0.0033594431140903823,0.12168107758865002,0.535882740651969,-0.5579203186531974,-0.015634229660234887,-0.6230265142413473
-0.1007291731101354,-0.5795722061196629,0.1547237606958877,0.0033594431140903823,0.5794918011454689,0.6220337849787566,-0.5579203186531974,-0.015634229660234887,-0.33807119588109674
-0.2743767079376792,-0.5795722061196629,0.1547237606958877,0.0033594431140903823,-0.7935245040249449,0.43239417425302257,-0.5579203186531974,-0.015634229660234887,0.04155141926321663
-0.16933007282592155,-0.5795722061196629,0.1547237606958877,0.0033594431140903823,-0.44245558629917503,0.543727935653657,-0.5579203186531974,-0.015634229660234887,0.8666750088901998
-0.2898332013385657,-0.5795722061196629,0.1547237606958877,0.0033594431140903823,-0.6627091839065392,0.30157081300969785,-0.5579203186531974,-0.015634229660234887,0.619403808741833
-0.06137089016139301,-0.5795722061196629,0.1547237606958877,0.0033594431140903823,0.30066594276612923,0.19605603724773396,-0.5579203186531974,-0.015634229660234887,-0.143219246073766
0.016178874015038296,-0.5795722061196629,0.1547237606958877,0.0033594431140903823,-0.11952929696296265,-0.021316353438986285,-0.5579203186531974,-0.015634229660234887,0.22140095531320614
-0.4657164160669845,-0.5795722061196629,-0.23217711291931079,-0.4823159183914288,0.3677070325544442,-0.21201453593070582,-0.7039892806700379,0.5124139109246404,-0.7872429585561966
-0.4286652466733431,-0.5795722061196629,-0.23217711291931079,-0.4823159183914288,0.2914881830350613,-0.15092388460699765,-0.7039892806700379,0.5124139109246404,-0.8702822536758691
-0.1239076401508568,-0.5795722061196629,-0.23217711291931079,-0.4823159183914288,-0.2351368859796512,-0.2884845548002512,-0.7039892806700379,0.5124139109246404,-0.668411619932846
-0.22211116499283884,-0.5795722061196629,-0.23217711291931079,-0.4823159183914288,-0.7883948337930496,0.35955604609777614,-0.7039892806700379,0.5124139109246404,0.07810876998711286
-0.13732786015094434,-0.5795722061196629,-0.23217711291931079,-0.4823159183914288,0.3509898938940228,-0.6444107033758609,-0.7039892806700379,0.5124139109246404,-1.0748888102052672
-0.403240246132014,-0.5795722061196629,-0.23217711291931079,-0.4823159183914288,0.3752962742074556,-2.2780300261518494,-0.7039892806700379,0.5124139109246404,-1.4045382867336587
-0.1913364438094533,-0.5795722061196629,-0.23217711291931079,-0.4823159183914288,0.19305115648375945,-1.1775962554188928,-0.7039892806700379,0.5124139109246404,-1.0662339169639323
-0.2977980702445586,-0.5795722061196629,-0.23217711291931079,-0.4823159183914288,-0.16753277604503605,-0.5044594280348511,-0.7039892806700379,0.5124139109246404,0.2297234885523039
-0.8952174202982918,-0.5795722061196629,-1.3163809048776975,-0.82413700718081,-0.5186475241196314,-1.3623064947124994,0.3222618292774849,-0.7263723260602712,-0.21113408405302467
-0.8878040075577818,-0.5795722061196629,-1.3163809048776975,-0.82413700718081,0.2254603974343534,-2.0223529314133706,0.3222618292774849,-0.7263723260602712,-0.7531581225608039
-1.0689095029261726,-0.5795722061196629,-1.3163809048776975,-0.82413700718081,-0.07017256081119569,-1.0015825234364921,0.3222618292774849,-0.7263723260602712,-0.37468493557745514
-1.0225929207006335,1.655626635224775,-0.4917219147217993,-1.0670530317377764,-0.7918143142911181,-1.2060066591050567,-0.5579203186531974,-0.7263723260602712,0.17919095466156218
-1.194062872483515,1.655626635224775,-0.4917219147217993,-1.0670530317377764,-0.2513023759286103,-1.528221337274115,-0.5579203186531974,-0.7263723260602712,-0.6387792628391552
-1.0171052185280618,-0.5795722061196629,-0.695834664234856,-0.2669210943809865,0.1992326501978629,-0.7276961194581184,-1.333077223972788,0.7644324698162975,-1.2069442299881001
-1.1591476209723413,-0.5795722061196629,-0.695834664234856,-0.2669210943809865,0.18995894048533163,-0.7106946614005152,-1.333077223972788,0.7644324698162975,-0.9014711160647184
-1.1323679329352816,-0.5795722061196629,-0.695834664234856,-0.2669210943809865,-0.24159986849868498,-0.8892707657239753,-1.333077223972788,0.7644324698162975,-0.5985520280308739
-1.1992925443110218,-0.5795722061196629,-0.695834664234856,-0.2669210943809865,-0.5169848356089431,-0.41037826068619054,-1.333077223972788,0.7644324698162975,-0.2415735560045139
-1.2545189967901773,-0.5795722061196629,-0.695834664234856,-0.2669210943809865,-0.47385408278508795,0.0006822896111881312,-1.333077223972788,0.7644324698162975,-0.1093764914582114
-1.215905120671632,-0.5795722061196629,-0.695834664234856,-0.2669210943809865,-0.20610632323870745,-0.762241178378774,-1.333077223972788,0.7644324698162975,-0.4913811512216842
-0.9809184370962426,-0.5795722061196629,-0.695834664234856,-0.2669210943809865,-0.32601053467328966,-0.4423332089080768,-1.333077223972788,0.7644324698162975,-0.25244312225058846
-0.928967085160622,-0.5795722061196629,-0.695834664234856,-0.2669210943809865,-0.353765474749711,-0.029643096976107456,-1.333077223972788,0.7644324698162975,-0.33616497906679427
-1.6469094081545332,1.655626635224775,-2.3132145070195325,-1.0210742114887523,1.5328199057651737,-0.30817682895478005,-0.7306619095209403,-1.4491171263599119,-1.2671622506575477
-1.3454221608560288,-0.5795722061196629,-2.026271369803262,-0.23826438656227628,0.5392915211136758,0.003411334361267941,0.2745924128546127,-1.2361633827575798,-0.46250066198195755
-1.3371708903175026,1.9397835187205017,-1.1133552866734795,-0.5732160207413437,0.76930641049053,-0.08915428626445197,-0.0592027662918404,-0.3871612737969025,-0.7921662500227679
-1.2533048074429924,1.9397835187205017,-1.1133552866734795,-0.5732160207413437,1.0253023425124064,-1.2232939877153277,-0.0592027662918404,-0.3871612737969025,-1.5763683540263127
-1.2437044507065254,-0.5795722061196629,-0.9163163128944911,-1.0210742114887523,-0.27884532282188057,-0.33480932174162825,-0.1857935208227079,0.1641142526099342,-0.11441183522712128
-0.9281413469244065,-0.5795722061196629,-0.9163163128944911,-1.0210742114887523,-0.46888970338450153,-0.21201453593070582,-0.1857935208227079,0.1641142526099342,0.21303910287351155
-1.4792387693389144,2.213462053610335,-0.9903625742443153,-1.1683602531929027,0.5034183648933266,-1.2466330944792585,-0.19301492490459662,-0.24589623851192693,-1.0068064880863834
-1.5808226399757177,2.175348180623094,-1.945195961666469,-1.099835318409285,0.6800091497039594,-1.1331464000054043,-0.7666670780686022,-0.6770625530304778,-1.1128902499016353
-1.2766192945327453,1.7395760007764582,-2.5707875983203285,-1.1683602531929027,1.1171348726081052,-0.8892707657239753,-0.3114420851513868,0.5549482637189488,-1.1426876227140697
-0.9244808772639064,1.7395760007764582,-2.5707875983203285,-1.1683602531929027,0.46440636843259936,-0.4785902714166884,-0.3114420851513868,0.5549482637189488,-1.1158475139831
-0.8103990059270394,1.9944863848442558,-2.1735822367145503,-1.3798375972300663,0.5973055669355513,-0.8245172079102554,0.20755000420845798,-0.061181929771788976,-1.2671622506575477
-0.8533782628013599,1.9944863848442558,-2.1735822367145503,-1.3798375972300663,-0.49207844711428744,-1.9037437777926343,0.20755000420845798,-0.061181929771788976,-0.6478441847850751
-1.5208461961098114,2.2493967689120535,-1.9386596727877425,-1.3918563997440856,0.8158261052872037,-0.8154734356930068,-1.791339335055637,-0.6770625530304778,-1.6191127883066725
-1.0943093563765625,2.175348180623094,-2.0124074575159407,-1.3558874725664234,-0.865624493419639,-1.629095406057798,-0.31903049685011664,1.4778685752629712,-0.5897354611524321
-0.6748813616528117,2.175348180623094,-2.0124074575159407,-1.3558874725664234,-0.40622521133512346,-1.8180463700334104,-0.31903049685011664,1.4778685752629712,-1.241557143828641
1.3743381147442444,-0.5795722061196629,0.9494074127353258,1.7175359833322696,0.03722722048880795,0.8002465973700323,1.432788952343783,0.7644324698162975,0.7947450902332797
0.9827421323119848,-0.5795722061196629,0.9494074127353258,1.7175359833322696,0.32052152409025264,0.689605311648294,1.432788952343783,0.7644324698162975,0.29493137202621067
1.1218511726036828,-0.5795722061196629,0.9494074127353258,1.7175359833322696,-0.0972082373893154,0.5476364004655914,1.432788952343783,0.7644324698162975,0.03847061406238462
1.0296880333639962,-0.5795722061196629,0.9494074127353258,1.7175359833322696,-0.12112561394016302,0.5061218603462229,1.432788952343783,0.7644324698162975,0.21303910287351155
1.0591608555960401,-0.5795722061196629,0.9494074127353258,1.7175359833322696,0.3250978491181128,0.6350345656426369,1.432788952343783,0.7644324698162975,-0.6478441847850751
0.9811957247800179,-0.5795722061196629,0.9494074127353258,1.7175359833322696,0.09829490157460528,0.69139320289025,1.432788952343783,0.7644324698162975,0.4135721608145278
0.9616836490475953,-0.5795722061196629,0.9494074127353258,1.7175359833322696,-1.39854672273981,0.7800660726589456,1.432788952343783,0.7644324698162975,-0.17250329745237564
1.0254476604686606,-0.5795722061196629,0.9494074127353258,1.7175359833322696,-0.6273345681171283,0.6534288270291762,1.432788952343783,0.7644324698162975,0.4688291607844191
0.935321806762947,-0.5795722061196629,0.9494074127353258,1.3725658948561583,3.4132544953291784,0.5378475867712156,1.432788952343783,0.7644324698162975,-1.3328440783918354
1.0605781240287075,-0.5795722061196629,0.9494074127353258,1.3725658948561583,-5.392243770675276,0.6331836560490728,1.432788952343783,0.7644324698162975,-0.8070188306728217
0.9640310114796722,-0.5795722061196629,0.9494074127353258,1.3725658948561583,-2.1530604773696793,0.6967451249015791,1.432788952343783,0.7644324698162975,0.3897133244111348
1.56335923042003,-0.5795722061196629,0.9494074127353258,0.7353088504592954,-4.597958143963517,0.8431312912776564,1.432788952343783,0.7644324698162975,0.3029159967302945
1.4724735308600485,-0.5795722061196629,0.9494074127353258,1.0164433894861795,-2.265773613871008,0.8431312912776564,1.432788952343783,0.7644324698162975,1.999807277296715
1.7081697859077802,-0.5795722061196629,0.9494074127353258,1.0164433894861795,-3.9269504072755903,0.8431312912776564,1.432788952343783,0.7644324698162975,2.155633750435173
1.7351225514273942,-0.5795722061196629,0.9494074127353258,1.0385511904457818,1.6293631009603164,0.808581868075514,1.432788952343783,0.7644324698162975,0.31746157247012075
1.6200814763659301,-0.5795722061196629,0.9494074127353258,1.0385511904457818,0.700575978309068,0.7302380458603798,1.432788952343783,0.7644324698162975,1.286741020289536
1.415676098619809,-0.5795722061196629,0.9494074127353258,1.0385511904457818,0.9110781817898103,0.8234786403685783,1.432788952343783,0.7644324698162975,1.1274679646932155
1.8216802344093297,-0.5795722061196629,0.9494074127353258,1.0385511904457818,0.29760764858613986,0.7800660726589456,1.432788952343783,0.7644324698162975,1.3206847396538073
1.692117085773358,-0.5795722061196629,0.9494074127353258,1.0385511904457818,0.05449017030973368,0.8431312912776564,1.432788952343783,0.7644324698162975,1.1719034903732062
2.4340675766291464,-0.5795722061196629,0.9494074127353258,1.0385511904457818,1.1578291341586917,0.7056260788006734,1.432788952343783,0.7644324698162975,0.7550841583979983
1.6374766115011954,-0.5795722061196629,0.9494074127353258,1.0385511904457818,0.5467485237703701,0.8284140907752107,1.432788952343783,0.7644324698162975,1.114084746741929
1.3847190185527196,-0.5795722061196629,0.9494074127353258,1.2473026250185635,-1.0869396176562593,0.8431312912776564,1.432788952343783,0.7644324698162975,1.313947874142753
1.3203458281196108,-0.5795722061196629,0.9494074127353258,1.2473026250185635,-1.1151812799230154,0.8431312912776564,1.432788952343783,0.7644324698162975,1.3845189022259385
1.7462024005785541,-0.5795722061196629,0.9494074127353258,1.2473026250185635,-3.399141962003342,0.6931791326493756,1.432788952343783,0.7644324698162975,1.7754253533140116
1.6639917009746263,-0.5795722061196629,0.9494074127353258,1.2473026250185635,-1.5544644002159496,0.8119040627227879,1.432788952343783,0.7644324698162975,1.7857960205296943
1.8360263117100533,-0.5795722061196629,0.9494074127353258,1.2473026250185635,-2.7844983462603903,0.8431312912776564,1.432788952343783,0.7644324698162975,1.634141177140353
1.800668364126466,-0.5795722061196629,0.9494074127353258,1.2473026250185635,-2.080586584503933,0.6625485977281651,1.432788952343783,0.7644324698162975,1.8523168474682112
1.5902936553437048,-0.5795722061196629,0.9494074127353258,1.2473026250185635,-2.317622228621131,0.8431312912776564,1.432788952343783,0.7644324698162975,1.774847419548551
1.3294641980335626,-0.5795722061196629,0.9494074127353258,1.2473026250185635,-1.3477263604540604,0.8251254536725697,1.432788952343783,0.7644324698162975,1.0946673284073967
1.2565631522954301,-0.5795722061196629,0.9494074127353258,1.2473026250185635,-0.7798513716402173,0.7935475146148037,1.432788952343783,0.7644324698162975,0.7447698976178397
1.1298905989885957,-0.5795722061196629,0.9494074127353258,1.2473026250185635,-0.2189981335386734,0.529973932668432,1.432788952343783,0.7644324698162975,0.9077157541606659
1.4916174412779013,-0.5795722061196629,0.9494074127353258,1.2473026250185635,-2.0105843811005024,0.7935475146148037,1.432788952343783,0.7644324698162975,1.4634457049409209
1.3566025823903072,-0.5795722061196629,0.9494074127353258,1.197717122291832,0.007337271678119214,0.7179785756702414,1.432788952343783,0.7644324698162975,0.5317716360846175
1.5577752587574727,-0.5795722061196629,0.9494074127353258,1.197717122291832,-0.48710478928777706,0.7544834380536963,1.432788952343783,0.7644324698162975,0.66435314786384
1.3604352454588389,-0.5795722061196629,0.9494074127353258,1.197717122291832,0.43579863826871656,0.8234786403685783,1.432788952343783,0.7644324698162975,0.7458040326989663
1.1778660630700637,-0.5795722061196629,0.9494074127353258,1.197717122291832,0.3357676014129746,0.7766781946158114,1.432788952343783,0.7644324698162975,0.9643506676849517
1.3014340935820194,-0.5795722061196629,0.9494074127353258,1.197717122291832,-0.7219533701679623,0.8251254536725697,1.432788952343783,0.7644324698162975,1.0139063190136952
2.0451367105114695,-0.5795722061196629,0.9494074127353258,1.197717122291832,-1.2343391742376133,0.8431312912776564,1.432788952343783,0.7644324698162975,1.7731124851103393
1.420033541584201,-0.5795722061196629,0.9494074127353258,1.197717122291832,-0.5452891447699538,0.4344879042035998,1.432788952343783,0.7644324698162975,1.736871069376255
1.8482220605234565,-0.5795722061196629,0.9494074127353258,1.197717122291832,-0.3227504319027763,0.8431312912776564,1.432788952343783,0.7644324698162975,1.5370202687080814
1.5871392968064462,-0.5795722061196629,0.9494074127353258,1.197717122291832,0.2408556159978908,0.8431312912776564,1.432788952343783,0.7644324698162975,1.0490947969502615
1.4048338928177104,-0.5795722061196629,0.9494074127353258,1.197717122291832,0.33424406522416944,0.8431312912776564,1.432788952343783,0.7644324698162975,1.0482235578772934
1.8436902456561701,-0.5795722061196629,0.9494074127353258,1.197717122291832,-1.4222321675728595,0.7766781946158114,1.432788952343783,0.7644324698162975,1.0005281590160786
2.081921737070675,-0.5795722061196629,0.9494074127353258,1.197717122291832,-1.0957563594699984,0.5862134382381304,1.432788952343783,0.7644324698162975,1.5768983177904274
2.3092746347687036,-0.5795722061196629,0.9494074127353258,1.197717122291832,-0.8312247133820208,0.8431312912776564,1.432788952343783,0.7644324698162975,1.2668282288279966
1.7605049037297382,-0.5795722061196629,0.9494074127353258,0.9495193129559335,-3.9269504072755903,0.8431312912776564,1.432788952343783,0.7644324698162975,1.2943405259149476
1.5062792673501255,-0.5795722061196629,0.9494074127353258,0.9495193129559335,-0.960854033362033,0.8431312912776564,1.432788952343783,0.7644324698162975,0.13594966370611516
1.2849933618049099,-0.5795722061196629,0.9494074127353258,0.46203649300052857,-0.9452072794501728,0.808581868075514,1.432788952343783,0.7644324698162975,1.5123867624752334
1.5936539473613238,-0.5795722061196629,0.9494074127353258,0.46203649300052857,0.9940237604269863,0.8431312912776564,1.432788952343783,0.7644324698162975,1.0014231891949479
2.1780897423118484,-0.5795722061196629,0.9494074127353258,0.46203649300052857,-0.7049897228122252,0.8431312912776564,1.432788952343783,0.7644324698162975,-0.18645349492016025
1.5810778226400113,-0.5795722061196629,0.9494074127353258,0.46203649300052857,0.7123090174518164,0.8431312912776564,1.432788952343783,0.7644324698162975,1.1258005861987326
1.7159192997376989,-0.5795722061196629,0.9494074127353258,0.46203649300052857,-2.834968221720755,0.8431312912776564,1.432788952343783,0.7644324698162975,1.9793277645622647
1.910444966327284,-0.5795722061196629,0.9494074127353258,0.46203649300052857,-1.782698247949733,0.8431312912776564,1.432788952343783,0.7644324698162975,1.0280657716590653
2.1266162006881006,-0.5795722061196629,0.9494074127353258,1.197717122291832,-3.0675289487166113,0.8431312912776564,1.432788952343783,0.7644324698162975,2.1088739149397706
1.6977193220740099,-0.5795722061196629,0.9494074127353258,1.0970255459435487,0.3798469874658659,0.8431312912776564,1.432788952343783,0.7644324698162975,1.681687732381021
1.460935122202182,-0.5795722061196629,0.9494074127353258,1.0970255459435487,0.8938286413492272,0.6860236274483551,1.432788952343783,0.7644324698162975,1.4710109558415245
1.8644394698026767,-0.5795722061196629,0.9494074127353258,1.0970255459435487,-1.5046670777789137,0.6552568730518988,1.432788952343783,0.7644324698162975,1.5284042667343074
2.345972588588005,-0.5795722061196629,0.9494074127353258,1.0970255459435487,-0.37176671465872274,0.8431312912776564,1.432788952343783,0.7644324698162975,1.0750345207649223
1.5008804417232124,-0.5795722061196629,0.9494074127353258,1.3725658948561583,0.9540690906721084,0.407057089812228,1.432788952343783,0.7644324698162975,1.2482461983990212
1.4716115075444662,-0.5795722061196629,0.9494074127353258,1.3725658948561583,0.34490382633268546,0.8431312912776564,1.432788952343783,0.7644324698162975,0.5141836595477072
1.2605578713139007,-0.5795722061196629,0.9494074127353258,1.3725658948561583,-0.2918336608480015,0.7647647868331616,1.432788952343783,0.7644324698162975,0.59255238895393
1.5100189650664149,-0.5795722061196629,0.9494074127353258,0.6005644566791632,-0.8915041500938434,0.6276182666550659,1.432788952343783,0.7644324698162975,0.4023106882030724
1.2623857200393735,-0.5795722061196629,0.9494074127353258,0.6005644566791632,-0.1355042309526235,0.5804848406119487,1.432788952343783,0.7644324698162975,1.2905448518439029
1.3644140861767842,-0.5795722061196629,0.9494074127353258,0.353415157550175,-1.0359590246922006,0.2764028866319498,1.432788952343783,0.7644324698162975,0.749934541320401
1.6370659365462474,-0.5795722061196629,0.9494074127353258,1.0970255459435487,-0.47219900899579514,0.7664720495089608,1.432788952343783,0.7644324698162975,1.3722252158656283
1.517589946991195,-0.5795722061196629,0.9494074127353258,0.353415157550175,-0.5703319016972258,0.003411334361267941,1.432788952343783,0.7644324698162975,0.591424690832954
2.036747527441763,-0.5795722061196629,0.9494074127353258,1.0970255459435487,0.021507082560800975,0.4532112713887486,1.432788952343783,0.7644324698162975,0.4542618181312517
1.2826918341463383,-0.5795722061196629,0.9494074127353258,1.0970255459435487,0.007337271678119214,0.44075298497907045,1.432788952343783,0.7644324698162975,1.1506478188978655
1.3922963388578602,-0.5795722061196629,0.9494074127353258,1.0970255459435487,0.29760764858613986,0.7698812126652587,1.432788952343783,0.7644324698162975,1.349585094342866
1.3483700612758285,-0.5795722061196629,0.9494074127353258,0.353415157550175,0.24854412597049202,0.5995022860114947,1.432788952343783,0.7644324698162975,0.7987630763879099
1.4267766362358012,-0.5795722061196629,0.9494074127353258,0.353415157550175,0.9669295139312364,0.7475929523704209,1.432788952343783,0.7644324698162975,0.9933515768937102
1.220824536818135,-0.5795722061196629,0.9494074127353258,0.353415157550175,0.36618847562952433,0.3704740938132571,1.432788952343783,0.7644324698162975,0.12129790668218782
1.1543780505032397,-0.5795722061196629,0.9494074127353258,1.3380883541855415,0.38287961763833467,0.6331836560490728,1.432788952343783,0.7644324698162975,0.6502241272793733
1.5765395910490185,-0.5795722061196629,0.9494074127353258,1.3380883541855415,0.03094220416756247,0.7596322293112191,1.432788952343783,0.7644324698162975,0.5317716360846175
1.4746443567745466,-0.5795722061196629,0.9494074127353258,1.5214684883415255,0.6711815066096499,0.7527635490271879,1.432788952343783,0.7644324698162975,1.2890243000828587
1.59309345616832,-0.5795722061196629,0.9494074127353258,1.5214684883415255,0.4207081813460091,0.7302380458603798,1.432788952343783,0.7644324698162975,0.8394299299844876
1.6167198370392584,-0.5795722061196629,0.9494074127353258,1.5214684883415255,-0.057475763311950534,0.8431312912776564,1.432788952343783,0.7644324698162975,1.51573571738357
1.5686569705485895,-0.5795722061196629,0.9494074127353258,1.5214684883415255,-0.40786913139652725,0.6331836560490728,1.432788952343783,0.7644324698162975,1.9612117195959764
1.394849712410716,-0.5795722061196629,0.9494074127353258,1.5214684883415255,-0.9278513739468083,0.7406731765430835,1.432788952343783,0.7644324698162975,1.259109410920407
1.7893645811094137,-0.5795722061196629,0.9494074127353258,1.5214684883415255,-0.602145273942029,0.7144588449754291,1.432788952343783,0.7644324698162975,1.1985193624742883
1.410980238045651,-0.5795722061196629,0.9494074127353258,1.5214684883415255,0.3372908997536491,0.7969005020250733,1.432788952343783,0.7644324698162975,0.9780040303844252
1.161388036439807,-0.5795722061196629,0.9494074127353258,1.5214684883415255,0.04821626718319966,0.8431312912776564,1.432788952343783,0.7644324698162975,0.6901448194269174
1.4223574213127415,-0.5795722061196629,0.9494074127353258,1.5214684883415255,0.4568861464793289,0.8431312912776564,1.432788952343783,0.7644324698162975,0.916186548989
1.5380759270093134,-0.5795722061196629,0.9494074127353258,1.5214684883415255,-0.5419549614122514,0.786820749620811,1.432788952343783,0.7644324698162975,1.3281401935630308
1.4539552396869895,-0.5795722061196629,0.9494074127353258,1.5214684883415255,0.41768728735860483,0.7562015118935606,1.432788952343783,0.7644324698162975,1.3422196149618248
1.2095004446554147,-0.5795722061196629,0.9494074127353258,1.5214684883415255,0.2377785148997387,0.7834469146055456,1.432788952343783,0.7644324698162975,0.8137498055660041
1.4204201927101892,-0.5795722061196629,0.9494074127353258,1.5214684883415255,0.09829490157460528,0.786820749620811,1.432788952343783,0.7644324698162975,0.6740691218014835
1.3918111148700953,-0.5795722061196629,0.9494074127353258,1.3380883541855415,-0.005275413873650437,0.8218301594052597,1.432788952343783,0.7644324698162975,0.8472571274440293
1.2925539060041094,-0.5795722061196629,0.9494074127353258,1.3380883541855415,0.3540315047357895,0.8152194911848334,1.432788952343783,0.7644324698162975,0.9588596949013328
1.2400461117223682,-0.5795722061196629,0.9494074127353258,1.3380883541855415,0.8462345646429486,0.7179785756702414,1.432788952343783,0.7644324698162975,0.7785813053723618
1.1426431621933393,-0.5795722061196629,0.9494074127353258,1.3380883541855415,0.7093770800795848,0.8135626210039719,1.432788952343783,0.7644324698162975,0.8077703331862506
1.1118281791825042,-0.5795722061196629,0.9494074127353258,1.3380883541855415,0.16983561495545213,0.7038537598317418,1.432788952343783,0.7644324698162975,0.7612439864519089
1.3348945858177999,-0.5795722061196629,0.9494074127353258,1.3380883541855415,1.7355247629171218,0.8316960975566162,1.432788952343783,0.7644324698162975,0.7060758193414566
1.4008637346862536,-0.5795722061196629,0.9494074127353258,1.3380883541855415,0.8158261052872037,0.7441367412798332,1.432788952343783,0.7644324698162975,0.90299218012405
1.0800933229583436,-0.5795722061196629,0.9494074127353258,1.3380883541855415,0.5168862586828062,0.607047489842319,1.432788952343783,0.7644324698162975,0.8472571274440293
1.07189711244262,-0.5795722061196629,0.9494074127353258,1.3380883541855415,-0.340694491547414,0.6331836560490728,1.432788952343783,0.7644324698162975,0.9311463603189911
1.33222484608789,-0.5795722061196629,0.9494074127353258,1.3380883541855415,-0.40622521133512346,0.48597463768189003,1.432788952343783,0.7644324698162975,0.7270965194070933
1.3062407363848323,-0.5795722061196629,0.9494074127353258,1.3380883541855415,0.1760318288492572,0.5534815586744464,1.432788952343783,0.7644324698162975,0.6513149884177547
1.2457517508132632,-0.5795722061196629,0.9494074127353258,1.3380883541855415,-0.17074142043480944,0.5670391905024128,1.432788952343783,0.7644324698162975,0.4760681162374398
1.0858685284650815,-0.5795722061196629,0.9494074127353258,1.3380883541855415,0.7765897485172687,0.6716175616416079,1.432788952343783,0.7644324698162975,0.6719146210594876
0.9635507289680906,-0.5795722061196629,0.9494074127353258,1.3380883541855415,0.2914881830350613,0.6424172305056357,1.432788952343783,0.7644324698162975,0.4700377112861362
1.2357054178610791,-0.5795722061196629,0.9494074127353258,1.3380883541855415,0.20077741193644535,0.5398100641784728,1.432788952343783,0.7644324698162975,0.38844864258455314
1.173842594421837,-0.5795722061196629,0.9494074127353258,1.3380883541855415,0.4989249328538076,0.6698078062443571,1.432788952343783,0.7644324698162975,-0.15521876417820976
1.3114036753336433,-0.5795722061196629,0.9494074127353258,0.9194813754696685,0.03251383781859866,0.15185762602191677,1.432788952343783,0.7644324698162975,0.2882498913056155
0.8920290939660537,-0.5795722061196629,0.9494074127353258,0.9194813754696685,-0.7016005294813882,-0.3449099217508856,1.432788952343783,0.7644324698162975,0.4060724795043942
0.9736839174315784,-0.5795722061196629,0.9494074127353258,0.9194813754696685,-0.3799600878006387,0.5728152160022546,1.432788952343783,0.7644324698162975,0.7489028175132806
1.046824009995757,-0.5795722061196629,0.9494074127353258,0.353415157550175,-0.2967087483845244,0.7510418409744015,1.432788952343783,0.7644324698162975,1.1341218151651615
1.628697719125047,-0.5795722061196629,0.9494074127353258,0.31950632309614063,-0.4226768886457173,0.2855999439327326,1.432788952343783,0.7644324698162975,0.8472571274440293
1.54782028633152,-0.5795722061196629,0.9494074127353258,0.31950632309614063,-0.7798513716402173,-0.0805183253625166,1.432788952343783,0.7644324698162975,0.4832775850284975
1.0390794043661393,-0.5795722061196629,0.9494074127353258,0.31950632309614063,-0.033713707162229906,0.5593058039290912,1.432788952343783,0.7644324698162975,0.6578460738396245
1.0048587292766413,-0.5795722061196629,0.9494074127353258,-0.10669082945085256,0.06389346769798207,0.6842298258209341,1.432788952343783,0.7644324698162975,0.2407596717203942
0.9477113773951011,-0.5795722061196629,0.9494074127353258,0.31950632309614063,0.384395579344386,0.37482089162209414,1.432788952343783,0.7644324698162975,0.4346502918191922
1.069720232520984,-0.5795722061196629,0.9494074127353258,0.6005644566791632,1.1746186206665494,0.20571704371729882,1.432788952343783,0.7644324698162975,0.06600669110308621
1.3239921904235665,-0.5795722061196629,0.9494074127353258,0.353415157550175,-1.2809743135688003,0.7664720495089608,1.432788952343783,0.7644324698162975,0.8482330977698327
1.2171574589135123,-0.5795722061196629,0.9494074127353258,0.353415157550175,-0.04162796463348379,0.8002465973700323,1.432788952343783,0.7644324698162975,1.35105451920186
1.0915269193232222,-0.5795722061196629,0.9494074127353258,0.6005644566791632,0.4553814063265476,0.7354639726989672,1.432788952343783,0.7644324698162975,0.9001519728159925
1.6120126875288816,-0.5795722061196629,0.9494074127353258,0.6005644566791632,-1.5046670777789137,0.7985744094344319,1.432788952343783,0.7644324698162975,1.4095637005148463
1.4345509445706437,-0.5795722061196629,0.9494074127353258,0.6005644566791632,-0.005275413873650437,0.7885050485937927,1.432788952343783,0.7644324698162975,0.8374677101149968
1.5902936553437048,-0.5795722061196629,0.9494074127353258,0.6005644566791632,0.06389346769798207,0.6350345656426369,1.432788952343783,0.7644324698162975,0.2734612419925381
1.1740695987072693,-0.5795722061196629,0.9494074127353258,-0.10669082945085256,0.0842362442938504,0.13433997245049092,1.432788952343783,0.7644324698162975,-0.07946160229575973
1.1647855513665295,-0.5795722061196629,0.9494074127353258,-0.10669082945085256,0.8476802254354859,0.37264894358519984,1.432788952343783,0.7644324698162975,-0.6592410183749413
1.1666423427595731,-0.5795722061196629,0.9494074127353258,-0.10669082945085256,1.2871982453778188,0.41766217495591673,1.432788952343783,0.7644324698162975,-0.8345765615542032
0.8386283516911515,-0.5795722061196629,0.9494074127353258,-0.10669082945085256,-0.6965189457359274,-0.6363118070080924,1.432788952343783,0.7644324698162975,-0.13299830058972825
0.7602186015242722,-0.5795722061196629,0.9494074127353258,0.3449597724607133,-0.5136603083190728,-0.5729315463320501,1.432788952343783,0.7644324698162975,0.3042432724887803
0.961111609669647,-0.5795722061196629,0.9494074127353258,0.3449597724607133,0.19305115648375945,-0.22451267649459977,1.432788952343783,0.7644324698162975,-0.10602753654987483
1.1634534135609735,-0.5795722061196629,0.9494074127353258,0.3449597724607133,-0.11793324109919782,0.4758067419626553,1.432788952343783,0.7644324698162975,0.5094638643748012
1.0881237670977677,-0.5795722061196629,0.9494074127353258,0.3449597724607133,-0.4573159644168364,-0.18423969473821578,1.432788952343783,0.7644324698162975,0.033839328015621575
-0.5143475639331669,-0.5795722061196629,1.5117437182741813,0.560223136317681,-1.2325499585910182,0.7197355912883715,1.5987514370115241,0.7229535644069562,0.84041022474286
-0.42415716628228534,-0.5795722061196629,1.5117437182741813,0.560223136317681,-1.3043757337917603,0.8152194911848334,1.5987514370115241,0.7229535644069562,1.3414813783959618
-0.3671127307948095,-0.5795722061196629,1.5117437182741813,0.560223136317681,-1.9007645255101928,0.8102438128979332,1.5987514370115241,0.7229535644069562,1.7196612968733789
-0.6785815459859968,-0.5795722061196629,1.5117437182741813,0.560223136317681,-0.3292717270503656,0.8234786403685783,1.5987514370115241,0.7229535644069562,0.8413899768525704
-0.6548151367577986,-0.5795722061196629,1.5117437182741813,0.560223136317681,-0.3292717270503656,0.549587119467346,1.5987514370115241,0.7229535644069562,0.30556955366061633
-0.4502335820247987,-0.5795722061196629,0.1264855686298545,0.36185607661873276,-0.7901044242488254,-0.1599426046953102,0.08092415872193678,0.34007827373971933,0.11835294403769855
-0.229246677064384,-0.5795722061196629,0.1264855686298545,0.36185607661873276,-0.4226768886457173,-0.5459602224041855,0.08092415872193678,0.34007827373971933,0.3371057490518069
-0.43533013250674857,-0.5795722061196629,0.1264855686298545,0.36185607661873276,-0.8535707704520827,-1.1832388080775387,0.08092415872193678,0.34007827373971933,0.7947450902332797
-0.21295681648351275,-0.5795722061196629,0.1264855686298545,0.36185607661873276,-1.3477263604540604,0.32859010236951247,0.08092415872193678,0.34007827373971933,1.1191153199276545
-0.24812498270416414,-0.5795722061196629,0.1264855686298545,0.36185607661873276,-0.6424794168094458,0.2764028866319498,0.08092415872193678,0.34007827373971933,0.4023106882030724
-0.3014748888011583,-0.5795722061196629,0.1264855686298545,0.36185607661873276,-0.2707363823557038,0.14936661587682928,0.08092415872193678,0.34007827373971933,0.2476225036650811
-0.4383349894752627,-0.5795722061196629,0.1264855686298545,0.36185607661873276,-1.0289480759433842,0.34193341324237103,0.08092415872193678,0.34007827373971933,0.5235856585013435
-0.33087897513311776,-0.5795722061196629,0.1264855686298545,0.36185607661873276,-0.25777607827347176,0.4737655193601993,0.08092415872193678,0.34007827373971933,0.43094881509682775
-0.9206277478684887,-0.5795722061196629,0.4003836476230094,0.2595992350313893,0.6180472730483447,0.241443601547278,-0.8309318225790228,1.0890551086544804,-0.2652092311634827
-1.0706417416261187,-0.5795722061196629,0.4003836476230094,0.2595992350313893,-0.10836238451882313,0.4113074181071458,-0.8309318225790228,1.0890551086544804,-0.376633116446685
-0.9346367876729894,-0.5795722061196629,0.4003836476230094,0.2595992350313893,1.169025334470755,0.689605311648294,-0.8309318225790228,1.0890551086544804,-1.2194525657303723
-0.6620537117812221,-0.5795722061196629,0.4003836476230094,0.2595992350313893,0.9110781817898103,0.6589068181060302,-0.8309318225790228,1.0890551086544804,-0.9737228680057333
-1.0492956473796304,-0.5795722061196629,0.4003836476230094,0.2595992350313893,-0.2529203988991309,0.4960794175648752,-0.8309318225790228,1.0890551086544804,-0.6275130112976575
